Job Title,Company,Location,Tags/Skills,Date Posted,Job Link,Salary,is_remote,skill_python,skill_javascript,skill_aws,skill_sql,skill_react,skill_django,skill_node,skill_html,skill_css,skill_java,Salary_numeric
Intern Software Development,Netomi,Remote - India,"software, design, technical, code, web, java, management, backend, digital nomad",2025-11-21T09:00:02+00:00,https://remoteOK.com/remote-jobs/remote-intern-software-development-netomi-1129012,Not Provided,1,0,0,0,0,0,0,0,0,0,1,90000
Web Designer,Wing Assistant,Columbia,"web, virtual assistant, design, designer, support, testing, growth, ux, assistant, seo, senior, marketing, analytics, sales, digital nomad",2025-11-21T01:00:01+00:00,https://remoteOK.com/remote-jobs/remote-web-designer-wing-assistant-1129011,Not Provided,0,0,0,0,0,0,0,0,0,0,0,80000
SAP S4 HANA EWM Functional Consultant,cBEYONData,Remote,"consultant, architect, support, management, lead",2025-11-20T22:00:17+00:00,https://remoteOK.com/remote-jobs/remote-sap-s4-hana-ewm-functional-consultant-cbeyondata-1129010,Not Provided,1,0,0,0,0,0,0,0,0,0,0,80000
Senior Product Manager,Maven,Remote,"manager, system, education, leader, management, lead, senior, engineer, engineering",2025-11-20T17:00:16+00:00,https://remoteOK.com/remote-jobs/remote-senior-product-manager-maven-1129009,Not Provided,1,0,0,0,0,0,0,0,0,0,0,80000
Finance Data Analyst,Circle.so,Remote,"analyst, growth, financial, finance, strategy, operational, engineering",2025-11-20T13:00:15+00:00,https://remoteOK.com/remote-jobs/remote-finance-data-analyst-circle-so-1129008,Not Provided,1,0,0,0,0,0,0,0,0,0,0,80000
SaaS Growth Marketer,Land Insights,Remote,"marketing, saas, full time, seo, content writing, ads",2025-11-20T09:08:31+00:00,https://remoteOK.com/remote-jobs/remote-saas-growth-marketer-land-insights-1129007,Not Provided,1,0,0,0,0,0,0,0,0,0,0,80000
Mercor STEM Expert application via RippleMatch,Mercor,Denver,"technical, reliability",2025-11-20T00:02:12+00:00,https://remoteOK.com/remote-jobs/remote-mercor-stem-expert-application-via-ripplematch-mercor-1129003,Not Provided,0,0,0,0,0,0,0,0,0,0,0,80000
Strategic Account Executive,Saviynt,Boston,"saas, security, training, growth, cloud, mobile, leader, management, lead, operational, marketing, sales, executive",2025-11-20T00:01:36+00:00,https://remoteOK.com/remote-jobs/remote-strategic-account-executive-saviynt-1129002,Not Provided,0,0,0,0,0,0,0,0,0,0,0,80000
Senior Platform Engineer,Cytora,Remote,"technical, growth, web, serverless, senior, engineer",2025-11-20T00:01:06+00:00,https://remoteOK.com/remote-jobs/remote-senior-platform-engineer-cytora-1129001,Not Provided,1,0,0,0,0,0,0,0,0,0,0,80000
Lead Product Designer Hybrid,Weedmaps,"Austin, TX","design, ios, designer, mobile, strategy, lead, android, digital nomad",2025-11-20T00:00:59+00:00,https://remoteOK.com/remote-jobs/remote-lead-product-designer-hybrid-weedmaps-1129000,Not Provided,0,0,0,0,0,0,0,0,0,0,0,80000
Associate Onboarding Manager,Comply,United States,"manager, jira, saas, consulting, support, financial, investment, management, lead, operational, sales, non tech",2025-11-20T00:00:42+00:00,https://remoteOK.com/remote-jobs/remote-associate-onboarding-manager-comply-1128999,Not Provided,0,0,0,0,0,0,0,0,0,0,0,80000
Staff Software Engineer Full Stack & AI Systems,Sully.ai,Remote,"software, design, system, frontend, python, full-stack, architect, test, ui, cloud, api, admin, healthcare, engineer, engineering, digital nomad",2025-11-20T00:00:35+00:00,https://remoteOK.com/remote-jobs/remote-staff-software-engineer-full-stack-ai-systems-sully-ai-1128998,Not Provided,1,1,0,0,0,0,0,0,0,0,0,90000
Customer Success Manager II,Planet,Europe,"manager, software",2025-11-20T00:00:28+00:00,https://remoteOK.com/remote-jobs/remote-customer-success-manager-ii-planet-1128997,Not Provided,0,0,0,0,0,0,0,0,0,0,0,80000
Senior Software Engineer,Acquia,Pune or Delhi/NCR,"software, system, frontend, back-end, technical, code, analyst, php, angular, api, leader, senior, engineer, engineering, backend",2025-11-19T16:00:35+00:00,https://remoteOK.com/remote-jobs/remote-senior-software-engineer-acquia-1128996,Not Provided,0,0,0,0,0,0,0,0,0,0,0,80000
Technical Content Writer &amp; Knowledge Specialist,Skio,Remote,"training, technical, writer, support, css, content, marketing, analytics, engineering, shopify",2025-11-19T16:00:28+00:00,https://remoteOK.com/remote-jobs/remote-technical-content-writer-amp-knowledge-specialist-skio-1128995,Not Provided,1,0,0,0,0,0,0,0,0,1,0,75000
Technical Copywriter,Warp,Remote within US and Canada,"copywriter, technical, support, software, code, api, content",2025-11-19T16:00:20+00:00,https://remoteOK.com/remote-jobs/remote-technical-copywriter-warp-1128994,Not Provided,1,0,0,0,0,0,0,0,0,0,0,80000
VP Protocol Engineer,Galaxy Digital Services,US,"web3, crypto, founder, ceo, support, investment, finance, leader, engineer, engineering",2025-11-19T14:00:22+00:00,https://remoteOK.com/remote-jobs/remote-vp-protocol-engineer-galaxy-digital-services-1128993,Not Provided,0,0,0,0,0,0,0,0,0,0,0,80000
Product Engineer,PostHog,Remote,"full stack, dev, engineer, python, rust, javascript, typescript, react, angular, vue, pyton, django, golang",2025-11-19T13:46:18+00:00,https://remoteOK.com/remote-jobs/remote-product-engineer-posthog-1128992,Not Provided,1,1,1,0,0,1,1,0,0,0,1,90000
Blockchain Security Expert Security Audit Track,CertiK,US / Remote,"security, web3, support, software, testing, code, sales, engineer, full-time",2025-11-19T13:00:18+00:00,https://remoteOK.com/remote-jobs/remote-blockchain-security-expert-security-audit-track-certik-1128991,Not Provided,1,0,0,0,0,0,0,0,0,0,0,80000
Operations Risk Analyst,Kalshi,New York,"analyst, system, financial, operations, operational, engineering",2025-11-19T13:00:11+00:00,https://remoteOK.com/remote-jobs/remote-operations-risk-analyst-kalshi-1128990,Not Provided,0,0,0,0,0,0,0,0,0,0,0,80000
Blockchain Site Reliability Engineer,InfStones,Texas,"web3, solidity, system, technical, node, management, operational, reliability, engineer, engineering, linux, full-time",2025-11-19T09:00:02+00:00,https://remoteOK.com/remote-jobs/remote-blockchain-site-reliability-engineer-infstones-1128989,Not Provided,0,0,0,0,0,0,0,1,0,0,0,88000
Current openings,ALX Africa,Remote,Not Specified,2025-11-19T08:00:07+00:00,https://remoteOK.com/remote-jobs/remote-current-openings-alx-africa-1128988,Not Provided,1,0,0,0,0,0,0,0,0,0,0,80000
Senior Software Engineer Billing Platform,Grow Therapy,"New York City, Seattle, San Francisco","software, financial, senior, healthcare, engineer, engineering",2025-11-19T00:00:53+00:00,https://remoteOK.com/remote-jobs/remote-senior-software-engineer-billing-platform-grow-therapy-1128987,Not Provided,0,0,0,0,0,0,0,0,0,0,0,80000
Senior Software Engineer Client Engagement,Grow Therapy,"New York City, Seattle, San Francisco","software, frontend, full-stack, support, api, mobile, senior, health, healthcare, engineer, engineering, backend",2025-11-19T00:00:34+00:00,https://remoteOK.com/remote-jobs/remote-senior-software-engineer-client-engagement-grow-therapy-1128986,Not Provided,0,0,0,0,0,0,0,0,0,0,0,80000
Enterprise Account Executive,Grow Therapy,Remote- US,"growth, strategy, sales, health, healthcare, executive",2025-11-19T00:00:15+00:00,https://remoteOK.com/remote-jobs/remote-enterprise-account-executive-grow-therapy-1128985,Not Provided,1,0,0,0,0,0,0,0,0,0,0,80000
Customer Support,Contra,Remote,customer support,2025-11-18T22:22:07+00:00,https://remoteOK.com/remote-jobs/remote-customer-support-contra-1128983,Not Provided,1,0,0,0,0,0,0,0,0,0,0,80000
C# .Net developer,AEXGroup,Remote,backend,2025-11-18T21:30:48+00:00,https://remoteOK.com/remote-jobs/remote-c-net-developer-aexgroup-1128982,Not Provided,1,0,0,0,0,0,0,0,0,0,0,80000
Full Stack Engineer Developer Portal,Helius,Remote,"developer, design, web3, react, system, frontend, security, full-stack, technical, support, code, web, devops, api, lead, senior, engineer, backend, digital nomad",2025-11-18T16:00:39+00:00,https://remoteOK.com/remote-jobs/remote-full-stack-engineer-developer-portal-helius-1128980,Not Provided,1,0,0,0,0,1,0,0,0,0,0,90000
Data Scientist GeoAI,Esri,New Delhi,"developer, software, leader, analytics, digital nomad",2025-11-18T16:00:33+00:00,https://remoteOK.com/remote-jobs/remote-data-scientist-geoai-esri-1128979,Not Provided,0,0,0,0,0,0,0,0,0,0,0,80000
Senior Golang Engineer,Everwest,Not specified,"senior, operational, golang, engineer",2025-11-18T16:00:13+00:00,https://remoteOK.com/remote-jobs/remote-senior-golang-engineer-everwest-1128978,Not Provided,0,0,0,0,0,0,0,0,0,0,0,80000
Vice President Senior Frontend Developer,Galaxy,Mumbai,"frontend, developer, web3, crypto, founder, ceo, investment, finance, leader, senior, digital nomad",2025-11-18T15:00:22+00:00,https://remoteOK.com/remote-jobs/remote-vice-president-senior-frontend-developer-galaxy-1128977,Not Provided,0,0,0,0,0,0,0,0,0,0,0,80000
Customer Success Manager,LiveKit,Remote,"manager, technical, support, developer, sales, digital nomad",2025-11-18T08:00:15+00:00,https://remoteOK.com/remote-jobs/remote-customer-success-manager-livekit-1128976,Not Provided,1,0,0,0,0,0,0,0,0,0,0,80000
Full Stack Engineer,Darkroom,New York,"react, technical, software, code, devops, cloud, junior, marketing, engineer, engineering",2025-11-18T00:00:34+00:00,https://remoteOK.com/remote-jobs/remote-full-stack-engineer-darkroom-1128975,Not Provided,0,0,0,0,0,1,0,0,0,0,0,90000
Incident Response Engineer,Solera Health,Remote - USA,"system, front-end, software, growth, node.js, medical, health, engineer, engineering",2025-11-18T00:00:28+00:00,https://remoteOK.com/remote-jobs/remote-incident-response-engineer-solera-health-1128974,Not Provided,1,0,0,0,0,0,0,1,0,0,0,88000
Data Engineer Revenue Platform,Spotify,London,"design, system, python, music, technical, support, code, financial, finance, cloud, scala, operations, operational, engineer, engineering, recruitment, backend, digital nomad",2025-11-17T20:00:01+00:00,https://remoteOK.com/remote-jobs/remote-data-engineer-revenue-platform-spotify-1128972,Not Provided,0,1,0,0,0,0,0,0,0,0,0,90000
FRONTEND ANGULAR SYMFONY,XKTalent Inc. - Rimutee,Remote,"frontend, web, javascript, php, git, angular",2025-11-17T19:00:01+00:00,https://remoteOK.com/remote-jobs/remote-frontend-angular-symfony-xktalent-inc-rimutee-1128971,Not Provided,1,0,1,0,0,0,0,0,0,0,1,85000
Senior Performance Marketer,EverAI,Remote,marketing,2025-11-17T17:38:11+00:00,https://remoteOK.com/remote-jobs/remote-senior-performance-marketer-everai-1128970,Not Provided,1,0,0,0,0,0,0,0,0,0,0,80000
Program Delivery Intern,ALX Africa,Remote,"students, training, support, software",2025-11-17T17:00:13+00:00,https://remoteOK.com/remote-jobs/remote-program-delivery-intern-alx-africa-1128969,Not Provided,1,0,0,0,0,0,0,0,0,0,0,80000
Program Delivery Intern,ALX Africa,Remote,"students, training, support, software",2025-11-17T16:00:38+00:00,https://remoteOK.com/remote-jobs/remote-program-delivery-intern-alx-africa-1128968,Not Provided,1,0,0,0,0,0,0,0,0,0,0,80000
Software Engineer II Golang,Stacklok,Remote: Europe,"software, system, frontend, management, golang, engineer, backend",2025-11-17T12:00:12+00:00,https://remoteOK.com/remote-jobs/remote-software-engineer-ii-golang-stacklok-1128967,Not Provided,1,0,0,0,0,0,0,0,0,0,0,80000
Backend Go Engineer Build The Next Generation Of Global Saas & Marketplace Commerce,CYZA,Remote,"golang, saas, go, engineer, backend, e-commerce",2025-11-17T12:00:01+00:00,https://remoteOK.com/remote-jobs/remote-backend-go-engineer-build-the-next-generation-of-global-saas-marketplace-commerce-cyza-1128966,Not Provided,1,0,0,0,0,0,0,0,0,0,0,80000
Senior Technical Product Manager AvaCloud,Ava Labs,"Brooklyn, NY","manager, design, web3, technical, growth, senior, marketing, digital nomad",2025-11-17T10:00:12+00:00,https://remoteOK.com/remote-jobs/remote-senior-technical-product-manager-avacloud-ava-labs-1128965,Not Provided,0,0,0,0,0,0,0,0,0,0,0,80000
Software Engineering Team Lead,bloXroute Labs,Remote,"software, ethereum, support, testing, code, lead, go, engineering, backend",2025-11-17T09:00:02+00:00,https://remoteOK.com/remote-jobs/remote-software-engineering-team-lead-bloxroute-labs-1128964,Not Provided,1,0,0,0,0,0,0,0,0,0,0,80000
Intern Software Development,Netomi,Remote - India,"software, design, technical, code, web, java, management, backend, digital nomad",2025-11-16T13:00:01+00:00,https://remoteOK.com/remote-jobs/remote-intern-software-development-netomi-1128963,Not Provided,1,0,0,0,0,0,0,0,0,0,1,90000
Software Engineer,Tech Solutions Inc.,San Francisco,"software, react, testing, web, css, angular, engineer",2025-11-15T19:00:08+00:00,https://remoteOK.com/remote-jobs/remote-software-engineer-tech-solutions-inc-1128962,Not Provided,0,0,0,0,0,1,0,0,0,1,0,90000
Senior Product Designer,Nansen.ai,"Remote Europe, Remote Asia","design, crypto, system, designer, testing, senior, analytics, digital nomad",2025-11-15T09:00:21+00:00,https://remoteOK.com/remote-jobs/remote-senior-product-designer-nansen-ai-1128960,Not Provided,1,0,0,0,0,0,0,0,0,0,0,80000
Senior Full Stack Software Engineer Design Systems,Circle.so,Remote,"design, software, full-stack, senior, operations, engineer, digital nomad",2025-11-14T20:00:15+00:00,https://remoteOK.com/remote-jobs/remote-senior-full-stack-software-engineer-design-systems-circle-so-1128955,Not Provided,1,0,0,0,0,0,0,0,0,0,0,80000
External Affairs Lead,Reflective,San Francisco,"ceo, support, strategy, lead, engineering",2025-11-14T17:00:20+00:00,https://remoteOK.com/remote-jobs/remote-external-affairs-lead-reflective-1128954,Not Provided,0,0,0,0,0,0,0,0,0,0,0,80000
Job openings,Jito Labs,Remote,Not Specified,2025-11-14T16:00:06+00:00,https://remoteOK.com/remote-jobs/remote-job-openings-jito-labs-1128952,Not Provided,1,0,0,0,0,0,0,0,0,0,0,80000
Staff Software Engineer Core Trading,Alpaca,Remote - APAC,"software, design, crypto, system, technical, code, financial, investment, c, api, lead, engineer, digital nomad",2025-11-14T14:00:38+00:00,https://remoteOK.com/remote-jobs/remote-staff-software-engineer-core-trading-alpaca-1128951,Not Provided,1,0,0,0,0,0,0,0,0,0,0,80000
Frontend Engineer,"Manta Network, Powered by p0x labs",Any,"frontend, design, web3, react, ui, web, engineer, digital nomad",2025-11-14T09:00:02+00:00,https://remoteOK.com/remote-jobs/remote-frontend-engineer-manta-network-powered-by-p0x-labs-1128950,Not Provided,0,0,0,0,0,1,0,0,0,0,0,90000
DevOps Engineer Weekday AI,Weekday AI,India,"devops, engineer",2025-11-14T08:00:18+00:00,https://remoteOK.com/remote-jobs/remote-devops-engineer-weekday-ai-weekday-ai-1128949,Not Provided,0,0,0,0,0,0,0,0,0,0,0,80000
Full Stack Software Engineer,CompassX Group,Remote  - CST Timezone,"software, design, react, frontend, full-stack, architect, technical, support, growth, code, lead, junior, engineer, backend, digital nomad",2025-11-14T08:00:02+00:00,https://remoteOK.com/remote-jobs/remote-full-stack-software-engineer-compassx-group-1128948,Not Provided,1,0,0,0,0,1,0,0,0,0,0,90000
Technical Project Manager,Tether Operations Limited,Remote,"manager, design, bitcoin, system, security, technical, support, software, testing, test, growth, code, devops, financial, fintech, api, leader, management, lead, ops, recruitment, digital nomad",2025-11-13T15:00:02+00:00,https://remoteOK.com/remote-jobs/remote-technical-project-manager-tether-operations-limited-1128945,Not Provided,1,0,0,0,0,0,0,0,0,0,0,80000
Senior Full stack Developer,Lemon.io,Remote,"engineer, senior, full time, full stack, javascript, node, react, python, pyton, django, aws, typescript, ai, dev",2025-11-13T14:45:25+00:00,https://remoteOK.com/remote-jobs/remote-senior-full-stack-developer-lemon-io-1128943,Not Provided,1,1,1,1,0,1,1,1,0,0,1,90000
Contract Senior Software Engineer,YLD,Remote,"backend, python, javascript",2025-11-12T18:03:18+00:00,https://remoteOK.com/remote-jobs/remote-contract-senior-software-engineer-yld-1128942,Not Provided,1,1,1,0,0,0,0,0,0,0,1,90000
Freelance Project Manager Medical Communications,Jobgether,Remote,"manager, training, growth, financial, microsoft, management, lead, content, healthcare",2025-11-12T16:00:17+00:00,https://remoteOK.com/remote-jobs/remote-freelance-project-manager-medical-communications-jobgether-1128941,Not Provided,1,0,0,0,0,0,0,0,0,0,0,80000
Senior Motion Designer,Hook,Remote,"design, 3d, training, designer, technical, growth, video, animation, post-production, lead, content, senior, junior, digital nomad",2025-11-12T15:01:10+00:00,https://remoteOK.com/remote-jobs/remote-senior-motion-designer-hook-1128940,Not Provided,1,0,0,0,0,0,0,0,0,0,0,80000
Senior Release Engineer,Uniswap Labs,New York,"design, defi, crypto, ethereum, architect, technical, testing, web, mobile, senior, health, engineer, engineering, digital nomad",2025-11-12T14:00:12+00:00,https://remoteOK.com/remote-jobs/remote-senior-release-engineer-uniswap-labs-1128939,Not Provided,0,0,0,0,0,0,0,0,0,0,0,80000
Data Analyst,Blockchain.com,Paris,"analyst, crypto, technical, support, software, financial, operations, marketing",2025-11-12T13:00:16+00:00,https://remoteOK.com/remote-jobs/remote-data-analyst-blockchain-com-1128938,Not Provided,0,0,0,0,0,0,0,0,0,0,0,80000
Spokesperson & Community Host,labs Ai,Remote,"marketing, education, customer support, exec",2025-11-12T11:29:48+00:00,https://remoteOK.com/remote-jobs/remote-spokesperson-community-host-labs-ai-1128937,Not Provided,1,0,0,0,0,0,0,0,0,0,0,80000
Marketing Specialist,INFUSE,Remote,"security, support, test, manager, video, marketing, recruiting, non tech",2025-11-12T10:00:20+00:00,https://remoteOK.com/remote-jobs/remote-marketing-specialist-infuse-1128936,Not Provided,1,0,0,0,0,0,0,0,0,0,0,80000
Language Validation Task Gweno Native Speaker,CrowdGen by Appen,Tanzania,"code, speech",2025-11-12T08:00:00+00:00,https://remoteOK.com/remote-jobs/remote-language-validation-task-gweno-native-speaker-crowdgen-by-appen-1128935,Not Provided,0,0,0,0,0,0,0,0,0,0,0,80000
Unknown,Unknown,Remote,Not Specified,2025-11-12T00:00:02+00:00,https://remoteOK.com/remote-jobs/remote-1128933,Not Provided,1,0,0,0,0,0,0,0,0,0,0,80000
Customer Service Support Agent,Limitless,Remote,customer support,2025-11-11T21:25:24+00:00,https://remoteOK.com/remote-jobs/remote-customer-service-support-agent-limitless-1128932,Not Provided,1,0,0,0,0,0,0,0,0,0,0,80000
Sr Staff Environment Artist,PlayStation Global,Los Angeles,"design, 3d, game, technical, software, testing, leader, management, senior, digital nomad",2025-11-11T20:00:19+00:00,https://remoteOK.com/remote-jobs/remote-sr-staff-environment-artist-playstation-global-1128931,Not Provided,0,0,0,0,0,0,0,0,0,0,0,80000
Junior Data Engineer,BlastPoint,Remote,"growth, financial, junior, analytics, engineer",2025-11-11T16:01:04+00:00,https://remoteOK.com/remote-jobs/remote-junior-data-engineer-blastpoint-1128929,Not Provided,1,0,0,0,0,0,0,0,0,0,0,80000
Enterprise Account Executive,Lumivero,United Kingdom,"design, game, technical, software, leader, management, lead, operational, sales, executive, digital nomad",2025-11-11T16:00:36+00:00,https://remoteOK.com/remote-jobs/remote-enterprise-account-executive-lumivero-1128928,Not Provided,0,0,0,0,0,0,0,0,0,0,0,80000
Senior Backend Developer,EPICODE,Remote,backend,2025-11-11T11:04:44+00:00,https://remoteOK.com/remote-jobs/remote-senior-backend-developer-epicode-1128924,Not Provided,1,0,0,0,0,0,0,0,0,0,0,80000
Freelance Recruitment Consultant,Hyphen Connect Limited,Global,"consultant, financial, lead, excel, recruitment, non tech",2025-11-11T10:00:19+00:00,https://remoteOK.com/remote-jobs/remote-freelance-recruitment-consultant-hyphen-connect-limited-1128923,Not Provided,0,0,0,0,0,0,0,0,0,0,0,80000
Unity Senior Engineer,Limit Break,India,"unity, c#, 3d, game, gaming, mobile, content, senior, junior, go, engineer, backend, executive",2025-11-11T09:00:01+00:00,https://remoteOK.com/remote-jobs/remote-unity-senior-engineer-limit-break-1128921,Not Provided,0,0,0,0,0,0,0,0,0,0,0,80000
Senior Designer,Hook,Remote,"design, designer, technical, senior, digital nomad",2025-11-11T08:00:27+00:00,https://remoteOK.com/remote-jobs/remote-senior-designer-hook-1128920,Not Provided,1,0,0,0,0,0,0,0,0,0,0,80000
Member of Marketing Asia,Anchorage Digital,Singapore,"design, crypto, security, growth, financial, finance, fintech, bank, strategy, management, junior, marketing, legal, sales, recruiting, digital nomad",2025-11-11T08:00:02+00:00,https://remoteOK.com/remote-jobs/remote-member-of-marketing-asia-anchorage-digital-1128919,Not Provided,0,0,0,0,0,0,0,0,0,0,0,80000
Events and Administrative Associate,GiveDirectly,Nairobi,"software, financial, management, operations",2025-11-11T05:00:14+00:00,https://remoteOK.com/remote-jobs/remote-events-and-administrative-associate-givedirectly-1128917,Not Provided,0,0,0,0,0,0,0,0,0,0,0,80000
Content Producer,garden3d,Remote,"marketing, design, exec, content writing, video, ads",2025-11-10T17:10:26+00:00,https://remoteOK.com/remote-jobs/remote-content-producer-garden3d-1128916,Not Provided,1,0,0,0,0,0,0,0,0,0,0,80000
Account Executive $215K OTE,Stealth Startup,Remote,sales,2025-11-10T10:26:03+00:00,https://remoteOK.com/remote-jobs/remote-account-executive-215k-ote-stealth-startup-1128913,Not Provided,1,0,0,0,0,0,0,0,0,0,0,80000
Intern CPR Awareness & Project Management,Jobgether,Remote,"students, training, support, management, content, operational, marketing, legal, health, recruitment, internship, non tech",2025-11-10T08:00:38+00:00,https://remoteOK.com/remote-jobs/remote-intern-cpr-awareness-project-management-jobgether-1128911,Not Provided,1,0,0,0,0,0,0,0,0,0,0,80000
Current openings,Paystack,Nigeria,bank,2025-11-09T21:00:42+00:00,https://remoteOK.com/remote-jobs/remote-current-openings-paystack-1128910,Not Provided,0,0,0,0,0,0,0,0,0,0,0,80000
Current openings,Hone Health,Remote,"excel, medical, health, healthcare, non tech",2025-11-09T21:00:23+00:00,https://remoteOK.com/remote-jobs/remote-current-openings-hone-health-1128909,Not Provided,1,0,0,0,0,0,0,0,0,0,0,80000
Current openings,Carrot,Remote,Not Specified,2025-11-09T20:00:06+00:00,https://remoteOK.com/remote-jobs/remote-current-openings-carrot-1128908,Not Provided,1,0,0,0,0,0,0,0,0,0,0,80000
COBOL Specialist AI Trainer,Invisible Agency,World Wide,"trainer, training, cobol",2025-11-09T18:00:11+00:00,https://remoteOK.com/remote-jobs/remote-cobol-specialist-ai-trainer-invisible-agency-1128907,Not Provided,0,0,0,0,0,0,0,0,0,0,0,80000
Content Strategist,Capgemini,Chennai,"design, training, strategist, support, testing, financial, microsoft, leader, strategy, management, content, operations, health, engineering, digital nomad",2025-11-09T16:00:53+00:00,https://remoteOK.com/remote-jobs/remote-content-strategist-capgemini-1128906,Not Provided,0,0,0,0,0,0,0,0,0,0,0,80000
Bookkeeper & Budget Analyst,Offshore Launch,Remote,analyst,2025-11-09T15:00:12+00:00,https://remoteOK.com/remote-jobs/remote-bookkeeper-budget-analyst-offshore-launch-1128905,Not Provided,1,0,0,0,0,0,0,0,0,0,0,80000
Principal Backend Engineer,Medium,Remote - US,"engineer, backend",2025-11-09T10:00:07+00:00,https://remoteOK.com/remote-jobs/remote-principal-backend-engineer-medium-1128904,Not Provided,1,0,0,0,0,0,0,0,0,0,0,80000
KIP Spring 2026 Global Projects Intern Young Voices,Stand Together,"Washington, DC","training, internship, full-time, part-time",2025-11-08T17:00:01+00:00,https://remoteOK.com/remote-jobs/remote-kip-spring-2026-global-projects-intern-young-voices-stand-together-1128903,Not Provided,0,0,0,0,0,0,0,0,0,0,0,80000
Firmware HIL Engineer,Applied Intuition,Mountain View,engineer,2025-11-07T16:00:36+00:00,https://remoteOK.com/remote-jobs/remote-firmware-hil-engineer-applied-intuition-1128899,Not Provided,0,0,0,0,0,0,0,0,0,0,0,80000
Senior Product Designer,Nansen.ai,"Remote Europe, Remote Asia","design, crypto, system, designer, testing, senior, analytics, digital nomad",2025-11-07T13:00:30+00:00,https://remoteOK.com/remote-jobs/remote-senior-product-designer-nansen-ai-1128898,Not Provided,1,0,0,0,0,0,0,0,0,0,0,80000
UX Researcher Mixed Methods,Linda Werner & Associates,Menlo Park,"ux, design, testing, seo, lead, senior, digital nomad",2025-11-07T00:02:46+00:00,https://remoteOK.com/remote-jobs/remote-ux-researcher-mixed-methods-linda-werner-associates-1128897,Not Provided,0,0,0,0,0,0,0,0,0,0,0,80000
Quality Assurance Analyst II,Filevine,United States,"analyst, software, testing, test, qa, api, junior, legal, full-time",2025-11-07T00:02:24+00:00,https://remoteOK.com/remote-jobs/remote-quality-assurance-analyst-ii-filevine-1128896,Not Provided,0,0,0,0,0,0,0,0,0,0,0,80000
Brand Designer,Sage,New York,"design, system, designer, software, web, senior, digital nomad",2025-11-07T00:02:17+00:00,https://remoteOK.com/remote-jobs/remote-brand-designer-sage-1128895,Not Provided,0,0,0,0,0,0,0,0,0,0,0,80000
Senior Javascript Fullstack Engineer,Filevine,United States,"design, system, technical, web, javascript, api, senior, legal, engineer, engineering, fullstack, full-time, digital nomad",2025-11-07T00:01:58+00:00,https://remoteOK.com/remote-jobs/remote-senior-javascript-fullstack-engineer-filevine-1128894,Not Provided,0,0,1,0,0,0,0,0,0,0,1,85000
Assoc Protocol Engineer,Galaxy Digital Services,US,"web3, crypto, founder, ceo, software, devops, investment, finance, perl, leader, engineer, engineering",2025-11-07T00:01:51+00:00,https://remoteOK.com/remote-jobs/remote-assoc-protocol-engineer-galaxy-digital-services-1128893,Not Provided,0,0,0,0,0,0,0,0,0,0,0,80000
Senior Manager Field Operations,Corcept Therapeutics,Remote,"manager, leader, lead, senior, operations, operational, sales, executive, non tech",2025-11-07T00:01:26+00:00,https://remoteOK.com/remote-jobs/remote-senior-manager-field-operations-corcept-therapeutics-1128892,Not Provided,1,0,0,0,0,0,0,0,0,0,0,80000
Senior Data Analyst Supply Chain,Spreetail,Remote,"analyst, senior, operational, analytics, ecommerce",2025-11-07T00:01:07+00:00,https://remoteOK.com/remote-jobs/remote-senior-data-analyst-supply-chain-spreetail-1128891,Not Provided,1,0,0,0,0,0,0,0,0,0,0,80000
Product Manager,Crux,Remote,"manager, design, system, support, strategy, engineering, digital nomad",2025-11-07T00:00:44+00:00,https://remoteOK.com/remote-jobs/remote-product-manager-crux-1128890,Not Provided,1,0,0,0,0,0,0,0,0,0,0,80000
Backend Engineer,Raya,Los Angeles or Remote,"elasticsearch, engineer, engineering, backend",2025-11-07T00:00:38+00:00,https://remoteOK.com/remote-jobs/remote-backend-engineer-raya-1128889,Not Provided,1,0,0,0,0,0,0,0,0,0,0,80000
Executive Assistant & Customer Service Support A089,Pearl,Remote,"assistant, support, software, growth, operations, operational, reliability, health, recruiting, recruitment, executive, full-time",2025-11-07T00:00:30+00:00,https://remoteOK.com/remote-jobs/remote-executive-assistant-customer-service-support-a089-pearl-1128888,Not Provided,1,0,0,0,0,0,0,0,0,0,0,80000
Unknown,Unknown,Remote,"design, digital nomad",2025-11-06T22:00:00+00:00,https://remoteOK.com/remote-jobs/remote-1128887,Not Provided,1,0,0,0,0,0,0,0,0,0,0,80000
Quantitative Research Intern,Detroit Lions,Detroit,"game, lead, analytics, educational, internship",2025-11-06T18:00:15+00:00,https://remoteOK.com/remote-jobs/remote-quantitative-research-intern-detroit-lions-1128886,Not Provided,0,0,0,0,0,0,0,0,0,0,0,80000
Software Engineer,Jump,Remote,"engineer, AI, backend, front end, full stack, dev, saas",2025-11-06T17:07:37+00:00,https://remoteOK.com/remote-jobs/remote-software-engineer-jump-1128885,Not Provided,1,0,0,0,0,0,0,0,0,0,0,80000
